id	duration_seconds	title	url
99HRIhveEuo	1610	AYEKOO: 8TH WOMEN IN FOOD AND AGRICULTURAL LEADERSHIP  TRAINING FORUM	https://www.youtube.com/watch?v=99HRIhveEuo
p-SH9Hua6Ew	2337	AYEKOO: 8TH WOMEN IN FOOD AND AGRICULTURAL LEADERSHIP TRAINING FORUM & GOLD IN THE SOIL AWARDS	https://www.youtube.com/watch?v=p-SH9Hua6Ew
qxNii9Cf-5k	2335	AYEKOO: MY SALARY AS AN ACCOUNTANT AT GRA WAS INSUFFICIENT, SO I DIVERTED TO FARMING 26/08/2026	https://www.youtube.com/watch?v=qxNii9Cf-5k
1yGdur390Xo	2181	VOLTA REGION AGRICULTURE: AYEKOO TOUR VISITS ANLOGA VEGETABLE FARMS 12/08/2026	https://www.youtube.com/watch?v=1yGdur390Xo
DG_uIsCCctA	2375	AYEKOO VISITS OTUMFUOR'S MANGO FARM, SHOWCASING MODERN AGRICULTURAL EXCELLENCE 05/08/2026	https://www.youtube.com/watch?v=DG_uIsCCctA
Ymq2BLAtJQA	2095	AYEKOO: CENTRAL REGION TOUR PART IV, POULTRY FARM AT ASSIN MANSO	https://www.youtube.com/watch?v=Ymq2BLAtJQA
1IejskMVbpA	2223	AYEKOO:  A2 AGRO POULTRY FEED PROCESSING FACTORY – KUMASI	https://www.youtube.com/watch?v=1IejskMVbpA
8LnEHdek-KM	2096	AYEKOO: WE PRODUCE QUALITY PALM TREE SEEDLINGS - OPRI  CSIR	https://www.youtube.com/watch?v=8LnEHdek-KM
hMhJ706DgRs	2186	AYEKOO: WE ARE FACING PROBLEMS WITH THE CULTIVATION OF TOMATOES  - AGOGO FARMERS	https://www.youtube.com/watch?v=hMhJ706DgRs
-IUYhOLitBo	2252	AYEKOO: MY DAD WAS A SCIENTIST AND A FARMER, SO I DREW MY INSPIRATION FROM HIM	https://www.youtube.com/watch?v=-IUYhOLitBo
NV8ibihswoE	2014	AYEKOO: “FROM FOREST TO BOTTLE  THE PREKESE STORY”	https://www.youtube.com/watch?v=NV8ibihswoE
o3z0_uVl7rY	2194	AYEKOO: “WE HAVE QUALITY RICE SEEDS READY FOR THE 2026 FARMING SEASON' — SARI	https://www.youtube.com/watch?v=o3z0_uVl7rY
Hadnc9zZJLA	1425	AYEKOO: CSIR-SARI ASSURES GHANAIAN FARMERS OF QUALITY S GRAIN SEEDS FOR 2026 FARMING SEASON	https://www.youtube.com/watch?v=Hadnc9zZJLA
DEO6afupZoU	2158	AYEKOO: STAKEHOLDERS DISCUSS 2025 FARMING SEASON, SHARE EXPECTATIONS FOR 2026	https://www.youtube.com/watch?v=DEO6afupZoU
XV2z3tFEcSs	1719	AYEKOO: Nkoko Nkitinnkiti Launch: President Mahama Visits Boris B Chicken in Kumasi	https://www.youtube.com/watch?v=XV2z3tFEcSs
o9qdy5hYFzI	2127	AYEKOO: 2025 NATIONAL FARMERS’ DAY CELEBRATION IN HO — FULL HIGHLIGHTS	https://www.youtube.com/watch?v=o9qdy5hYFzI
AhgUF4yK7fs	2201	AYEKOO:  I COMBINE PASTORAL SERVICE WITH COCOA FARMING   - OSOFO JUMAA	https://www.youtube.com/watch?v=AhgUF4yK7fs
mKBcTaNrJ-8	1822	AYEKOO: AGRICULTURE IS THE FUTURE OF GHANA - FORMER DIRECTOR OF PORT HEALTH	https://www.youtube.com/watch?v=mKBcTaNrJ-8
bazcZBeZS2U	2101	AYEKOO: IT TAKES PASSION TO BE A SUCCESSFUL POULTRY FARMER  - TARKWA GOLDFIELDS ACCOUNTANT	https://www.youtube.com/watch?v=bazcZBeZS2U
Qb3ZRgF274s	1918	AYEKOO: WOMEN IN FOOD AND AGRICULTURAL LEADERSHIP TRAINING FORUM AND THE GOLD IN THE SOIL AWARDS	https://www.youtube.com/watch?v=Qb3ZRgF274s
KISb-yg-oBA	1959	AYEKOO: I WAS DETERMINED AND I HAVE SUCCEEDED - MIM SHS ASSET HEADMASTER	https://www.youtube.com/watch?v=KISb-yg-oBA
RGB3EeKvx10	2079	AYEKOO:  CHURCHES IN AGRIC PROGRAM  - THE SAVIOUR CHURCH OF GHANA	https://www.youtube.com/watch?v=RGB3EeKvx10
G94SyummyOc	2498	AYEKOO: SCHOOLS IN AGRIC PROGRAM ( KUKUOM AGRIC SHS)	https://www.youtube.com/watch?v=G94SyummyOc
A_uT1IzY9g8	2347	AYEKOO: AGRO TOURISM; A VISIT TO EVIVI FOODS PROCESSING HUB	https://www.youtube.com/watch?v=A_uT1IzY9g8
C4qGFHTIMEA	1975	AYEKOO: I HAD EXPERTS ADVICE BEFORE GOING INTO ANIMAL FARMING -  GEN ASIEDU NKETIA	https://www.youtube.com/watch?v=C4qGFHTIMEA
e_xZpwIgsc4	1991	AYEKOO  STAKEHOLDERS DISCUSSION ON 2025 FARMING SEASON PT  2	https://www.youtube.com/watch?v=e_xZpwIgsc4
0mBn_66y9qc	2307	AYEKOO: STAKEHOLDERS' DISCUSSION ON  2025 FARMING SEASON	https://www.youtube.com/watch?v=0mBn_66y9qc
45cYaxeZX1k	2254	AYEKOO: AGRIC STAKEHOLDERS SPEAK ABOUT THE FEED GHANA PROGRAM	https://www.youtube.com/watch?v=45cYaxeZX1k
cOW837CrnYU	2344	AYEKOO: COCOBOD Management Interacts with Cocoa Farmers in the Volta and Oti Regions	https://www.youtube.com/watch?v=cOW837CrnYU
yyf-hAduCqQ	2232	MMRA NO SE SEN: The Law & The Growing Threats Of Online Offences	https://www.youtube.com/watch?v=yyf-hAduCqQ
ClXFLR6z1_g	1859	AYEKOO:  I AM DOING AGRIC TOURISM TO CREATE JOBS	https://www.youtube.com/watch?v=ClXFLR6z1_g
hFitX6AsXvo	2171	AYEKOO: I HAVE BEEN A FARMER ALL MY LIFE, AND IT''S BEEN GOOD – CHIEF OF BOGOSO	https://www.youtube.com/watch?v=hFitX6AsXvo
TbtunHBoJcQ	1403	AYEKOO: AGRIC MINISTRY WILL CONCENTRATE ON IRRIGATION AND QUALITY SEEDS FOR 2025 SEASON	https://www.youtube.com/watch?v=TbtunHBoJcQ
U7mqnWPgkgc	2358	AYEKOO: BUILDING WEALTH WITH MICRO SHARES  AGRICULTURAL INVESTMENT FOR EVERYONE	https://www.youtube.com/watch?v=U7mqnWPgkgc
iaTgAo3qsuQ	2150	AYEKOO: DO’S AND DON'TS OF POULTRY FARMING	https://www.youtube.com/watch?v=iaTgAo3qsuQ
iNmNDzV6FyU	1804	AYEKOO: CLIMATE CHANGE AND IT’S IMPACT ON AGRIC; IRRIGATION IS THE WAY OUT	https://www.youtube.com/watch?v=iNmNDzV6FyU
ks5P7CALGh0	2146	AYEKOO: BORIS CALLS FOR VALUE CHAIN IN POULTRY INDUSTRY	https://www.youtube.com/watch?v=ks5P7CALGh0
NjXZsjjNL4I	2224	AYEKOO:  WE WILL PROCESS OUR CASHEW PRODUCE -  KOSTAL FARMS	https://www.youtube.com/watch?v=NjXZsjjNL4I
znxVf5TuXyg	2289	AYEKOO: HIGH QUALITY MAIZE SEEDS	https://www.youtube.com/watch?v=znxVf5TuXyg
FH7-Gsvomxs	2217	AYEKOO:  PROF. KWAME GYAN STEPS INTO LARGE SCALE POULTRY FARMING	https://www.youtube.com/watch?v=FH7-Gsvomxs
GtpF2LNbqog	2368	AYEKOO: QUALITY SEEDS FOR 2025 FARMING SEASON FROM CSIR SARI, TAMALE	https://www.youtube.com/watch?v=GtpF2LNbqog
W1ru6MsgbiQ	2151	AYEKOO: 40TH FARMERS DAY CELEBRATION	https://www.youtube.com/watch?v=W1ru6MsgbiQ
QvZCN0MeuSI	2239	AYEKOO: LARGE-SCALE RICE FARM OF HON. MINTAH AKANDOR, MP FOR JUABOSO	https://www.youtube.com/watch?v=QvZCN0MeuSI
8iORQmxM-80	2199	AYEKOO: COCOA FARMERS AT NEW EDUBIASE SHARE THEIR VIEWS ON POLLINATION	https://www.youtube.com/watch?v=8iORQmxM-80
TQQ8_jJ3xz4	2172	AYEKOO: HARD WORK PAYS  - MALLAM ABDULLAI, COCOA FARMER	https://www.youtube.com/watch?v=TQQ8_jJ3xz4
MKUOxXNjsn0	1749	AYEKOO: FIGHTING CSSVD, ADEPA CHEMICALS MAKE HEADWAY	https://www.youtube.com/watch?v=MKUOxXNjsn0
2QOUZKJFAtU	1553	AYEKOO: OIL PALM VALUE CHAIN	https://www.youtube.com/watch?v=2QOUZKJFAtU
pPysIPciOfc	2005	AYEKOO:  WOMEN IN AGRIC - PART 2	https://www.youtube.com/watch?v=pPysIPciOfc
5hhQyY-pb74	2023	AYEKOO: I HAVE NO REGRET FOR BEING A FARMER, I'M A SUCCESSFUL FARMER	https://www.youtube.com/watch?v=5hhQyY-pb74
YmOkFPmf100	2136	AYEKOO: GUZAKUZA IMPACT ON WOMEN IN AGRIC	https://www.youtube.com/watch?v=YmOkFPmf100
LQ0f1ixlQbA	1901	AYEKOO: COCOA REHABILITATION POSITIVE IMPACT ON YOUTH AT AMENFI CENTRAL	https://www.youtube.com/watch?v=LQ0f1ixlQbA
ZUjSYfh4_7w	2328	AYEKOO: PLANTING COCOA UNDER CASHEW  BONO FARMERS SHARE THEIR EXPERIENCES	https://www.youtube.com/watch?v=ZUjSYfh4_7w
zvXjacUfvZM	2160	AYEKOO: COCOBOD CEO IN AN OPEN FORUM WITH COCOA FARMERS	https://www.youtube.com/watch?v=zvXjacUfvZM
wQeFr0F4TOk	2257	AYEKOO: COCOBOD CEO INTERACT WITH COCOA FARMERS AT THEIR FARM	https://www.youtube.com/watch?v=wQeFr0F4TOk
r0VJoFc-gFI	1870	AYEKOO: NATIONAL SERVICE SCHEME FARM PROJECT 2024	https://www.youtube.com/watch?v=r0VJoFc-gFI
dwepemPuBwA	2229	AYEKOO: 2024 COCOA POLLINATION	https://www.youtube.com/watch?v=dwepemPuBwA
psDQLmw-zfk	1869	AYEKOO: NATIONAL SERVICE SCHEME FARM PROJECT 2024	https://www.youtube.com/watch?v=psDQLmw-zfk
9ZlrGL9JyDc	2272	AYEKOO: GHANA COCOBOD's Cocoa Rehabilitation Program - A Success Story	https://www.youtube.com/watch?v=9ZlrGL9JyDc
yLkQ80bqWGo	2111	AYEKOO: CEO OF M&B SEEDS SHARES HIS 30-YEARS EXPERIENCE IN FARMING	https://www.youtube.com/watch?v=yLkQ80bqWGo
uLN4m12bC_A	2228	AYEKOO: 2024 COCOA POLLINATION	https://www.youtube.com/watch?v=uLN4m12bC_A
P74kzqm2nno	2273	AYEKOO:   COCOA REHABILITATION - THE SUCCESSFUL STORY SO FAR	https://www.youtube.com/watch?v=P74kzqm2nno
VE85xkjZFA4	1429	AYEKOO: GHANA PARTNERS KOREA FOR PRODUCTION OF QUALITY RICE SEEDS	https://www.youtube.com/watch?v=VE85xkjZFA4
RD9ERo1_dl0	2038	AYEKOO: CAN GHANA SOLVE HER RICE PRODUCTION PROBLEMS	https://www.youtube.com/watch?v=RD9ERo1_dl0
VvAlQUaUfQ0	2139	AYEKOO: QUALITY GHANA RICE PROCESSING	https://www.youtube.com/watch?v=VvAlQUaUfQ0
4VY5LxdQWXM	2374	AYEKOO: MUSHROOMS AND SNAILS FARMING	https://www.youtube.com/watch?v=4VY5LxdQWXM
OUjJti89dFw	1777	AYEKOO: THE IMPACT OF FOREST ON COCOA FARMING	https://www.youtube.com/watch?v=OUjJti89dFw
TOgNRwKRtpc	1827	AYEKOO: FC PLANTATION; RE AFORESTATION PROJECT	https://www.youtube.com/watch?v=TOgNRwKRtpc
BnjXErY5xqk	1928	AYEKOO: COCONUT FARM AND AGRIC BUSINESS	https://www.youtube.com/watch?v=BnjXErY5xqk
CxdwVyzSQqY	2078	AYEKOO: CASHEW VALUE  CHAIN	https://www.youtube.com/watch?v=CxdwVyzSQqY
gjGJKVT_FlY	1846	AYEKOO: WE PRODUCE QUALITY GROUND NUT SEEDS  - SARI	https://www.youtube.com/watch?v=gjGJKVT_FlY
b0ldtWDytbA	1548	AYEKOO: FIGHTING POST HARVEST LOSES	https://www.youtube.com/watch?v=b0ldtWDytbA
c_FeiYQFNco	2210	AYEKOO: NEW METHOD OF GETTING YAM SEED BY SARI	https://www.youtube.com/watch?v=c_FeiYQFNco
uJ7l-6Hdui4	486	AYEKOO: WE HAVE ENOUGH SEEDS FOR 2024 FARMING SEASON - DR. FRANCIS KUSI	https://www.youtube.com/watch?v=uJ7l-6Hdui4
Q_kj_azmMPY	2039	AYEKOO: WE HAVE ENOUGH SEEDS FOR 2024 FARMING SEASON - DR FRANCIS KUSI	https://www.youtube.com/watch?v=Q_kj_azmMPY
gxHeg-qyCCw	1543	AYEKOO:  UP CLOSE WITH OSOFO MAAME MAMA SARA OF HEBRON PRAYER CAMP FARMS	https://www.youtube.com/watch?v=gxHeg-qyCCw
GV1jUdzu2FM	2598	AYEKOO: 2020 NATIONAL BEST FARMER,  PROGRESS SO FAR	https://www.youtube.com/watch?v=GV1jUdzu2FM
8jU1u1_j4CA	1734	Agricultural Development Bank (ADB) 2023 Year In Review	https://www.youtube.com/watch?v=8jU1u1_j4CA
XiAWyGbqZPk	2191	AYEKOO: DR STEPHEN AMOAH, MP FOR NHYIAESO & ALSO DEPUTY MINISTER FOR TRADE AND INDUSTRY NOW INTO FAR	https://www.youtube.com/watch?v=XiAWyGbqZPk
QONP_J-NWCc	2416	AYEKOO:  RETIRE POLICE CID BOSS COP KEN YEBOAH, NOW INTO ANIMAL FARMING	https://www.youtube.com/watch?v=QONP_J-NWCc
0YbRfRMsLKI	2502	AYEKOO: TIME WITH ANDREWS KWAME PIANIM - AQUACULTURE FARM	https://www.youtube.com/watch?v=0YbRfRMsLKI
R8OnOKxOrNM	46	AYEKOO:  39th NATIONAL FARMERS’ DAY CELEBRATION IN WESTERN REGION	https://www.youtube.com/watch?v=R8OnOKxOrNM
Hc8tdrrSpbY	2165	AYEKOO: EXCLUSIVE INTERVIEW WITH RETIRED POLICE CID BOSS KEN YEBOAH, NOW A FARMER	https://www.youtube.com/watch?v=Hc8tdrrSpbY
89CLVvq1IGM	2259	AYEKOO: MIXED FARMING AT AGOGO PART 2	https://www.youtube.com/watch?v=89CLVvq1IGM
-8dJWJMVfno	1960	AYEKOO: UP-CLOSE WITH AGRIC DIRECTOR FOR AMENFI WEST ASANKRANGWA	https://www.youtube.com/watch?v=-8dJWJMVfno
IkYhtuhxjlU	2216	AYEKOO: UP CLOSE WITH A YOUNG GRADUATE FARMER AT ASANKRAGUA	https://www.youtube.com/watch?v=IkYhtuhxjlU
ehePVKAZPlw	2033	AYEKOO: UP-CLOSE WITH GOLDFIELDS ACCOUNTANT  COCOA FARMER	https://www.youtube.com/watch?v=ehePVKAZPlw
lzNjI4ht7XE	2063	AYEKOO: WOMEN IN AGRIC IN EASTERN REGION - PART 2	https://www.youtube.com/watch?v=lzNjI4ht7XE
qtFmtZC6WLU	2430	AYEKOO: NET HOUSE FARMING	https://www.youtube.com/watch?v=qtFmtZC6WLU
fDGGHjpUocE	2254	AYEKOO: A visit to the Ministry of Fisheries Aquaculture Centre	https://www.youtube.com/watch?v=fDGGHjpUocE
E3HkMucbgQo	2055	AYEKOO:  Ghana's National Service Scheme Agric Hub at Kumawu	https://www.youtube.com/watch?v=E3HkMucbgQo
bxNcHFLSMCE	2327	AYEKOO: SECOND SEASON OF MANGO FARMING AT AGOMEDA	https://www.youtube.com/watch?v=bxNcHFLSMCE
GUuX4iJoaQ4	1713	AYEKOO: GREATER ACCRA REGIONAL CHAIRMAN OF CANOE & FISHING GEAR OWNERS’ ASSOCIATION OF GHANA  CaFGO	https://www.youtube.com/watch?v=GUuX4iJoaQ4
lnP5dCbDePA	2642	AYEKOO: PLANTAIN FARMING AT ASANTE AKYEM AGOGO	https://www.youtube.com/watch?v=lnP5dCbDePA
F8pwEBWU6_4	2109	AYEKOO: UP CLOSE WITH AKUA POKUAA (AKUA MOTOR) A TOMATO FARMER AT AGOGO	https://www.youtube.com/watch?v=F8pwEBWU6_4
JkrzuPdcnpk	1469	AYEKOO: UP CLOSE WITH AN ONION FARMER AT AGOGO	https://www.youtube.com/watch?v=JkrzuPdcnpk
P2fdkLaqOKc	2250	AYEKOO: UP-CLOSE WITH  TOMATOES FARMER AT AGOGO	https://www.youtube.com/watch?v=P2fdkLaqOKc
GtHOp867yxs	1908	AYEKOO: CO OPERATIVE MARKETING, TUBA FARMERS	https://www.youtube.com/watch?v=GtHOp867yxs
P9e0CyunA1o	1872	AYEKOO: DISCUSSING QUALITY SEED AND SEEDLINGS	https://www.youtube.com/watch?v=P9e0CyunA1o
7cAMIhBZDZI	1990	AYEKOO: MIXED CROPPING TUBA IRRIGATION FARMS	https://www.youtube.com/watch?v=7cAMIhBZDZI
WklvXG0DcK4	2194	AYEKOO:  TUBA IRRIGATION FARMS	https://www.youtube.com/watch?v=WklvXG0DcK4
K4adCziMIpY	1906	AYEKOO: UP - CLOSE WITH JAMES OBENG BOATENG, 2018 NATIONAL BEST FARMER	https://www.youtube.com/watch?v=K4adCziMIpY
vpgasRFNgVU	1350	AYEKOO:   UP-CLOSE WITH HON. JOSEPH BOAHEN AIDOO, CEO, GHANA COCOA BOARD COCOBOD	https://www.youtube.com/watch?v=vpgasRFNgVU
htIfyBtElQg	27	AYEKOO: PROJECT  FAO SMALL SCALE FISHERIES PROJECT	https://www.youtube.com/watch?v=htIfyBtElQg
Cv_9mPqbcGc	1825	AYEKOO:  RICE VALUE CHAIN	https://www.youtube.com/watch?v=Cv_9mPqbcGc
BVAVimTXTUY	2089	AYEKOO: PAWPAW FARMING	https://www.youtube.com/watch?v=BVAVimTXTUY
nXNL99o3o9g	1934	AYEKOO:  2019 NATIONAL BEST FARMER	https://www.youtube.com/watch?v=nXNL99o3o9g
L4RsjNkDM5E	1839	AYEKOO:   FISH HEALTH	https://www.youtube.com/watch?v=L4RsjNkDM5E
cMFHmP3mpTk	2167	AYEKOO:  2018 NATIONAL BEST FARMER,  PROGRESS SO FAR	https://www.youtube.com/watch?v=cMFHmP3mpTk
gFTao_lZuBE	1879	AYEKOO:  2017 NATIONAL BEST FARMER,  PROGRESS SO FAR - PART 2	https://www.youtube.com/watch?v=gFTao_lZuBE
jI2jJFh7SbM	2269	AYEKOO:  2017 NATIONAL BEST FARMER; PROGRESS SO FAR	https://www.youtube.com/watch?v=jI2jJFh7SbM
Ico6GawnSTo	2035	AYEKOO: SWEET POTATO BREAD VALUE ADDITION	https://www.youtube.com/watch?v=Ico6GawnSTo
cj7n0eMqo7E	1751	AYEKOO:  38TH NATIONAL FARMERS’ DAY CELEBRATION AT  JUBILEE PARK, KOFORIDUA	https://www.youtube.com/watch?v=cj7n0eMqo7E
WdBSsA_xuBs	2111	AYEKOO : Up Close With Sahmen Coconut Farms Resort	https://www.youtube.com/watch?v=WdBSsA_xuBs
gB-K2LwgnoA	2066	AYEKOO: 2018 NATIONAL BEST COCOA FARMER,  PROGRESS SO FAR	https://www.youtube.com/watch?v=gB-K2LwgnoA
C59Rqs6RFpM	1820	AYEKOO: GHANA TO INTRODUCE GMO SEEDS IN 2024	https://www.youtube.com/watch?v=C59Rqs6RFpM
wUpm_EFWGpk	2193	AYEKOO:  ONE ON ONE WITH BORIS B ON POULTRY ISSUES	https://www.youtube.com/watch?v=wUpm_EFWGpk
NYj1rbDWzFs	1993	AYEKOO:  MIX FARMING	https://www.youtube.com/watch?v=NYj1rbDWzFs
niRsrhduxPc	1966	AYEKOO:  ANIMAL FARMING	https://www.youtube.com/watch?v=niRsrhduxPc
IqWcMY0Z_-Q	2141	AYEKOO:  A VISIT TO OKATA FARMS AT CHINDERI	https://www.youtube.com/watch?v=IqWcMY0Z_-Q
D2q4QbD8TUk	1909	AYEKOO:  YAM AND CASSAVA FARMER AT DAMBIA	https://www.youtube.com/watch?v=D2q4QbD8TUk
xf599BoSxGQ	1780	AYEKOO: WOMEN STAKEHOLDERS IN AGRICULTURE	https://www.youtube.com/watch?v=xf599BoSxGQ
NUjq5_T6ZFA	2100	AYEKOO: COCOA  REHABILITATION	https://www.youtube.com/watch?v=NUjq5_T6ZFA
ThnBEOZy9Cg	1940	AYEKOO: NSS BEGINS LARGE SCALE FARMING	https://www.youtube.com/watch?v=ThnBEOZy9Cg
RKSv6F26pc8	1830	AYEKOO:  Women In Agric In Western Region	https://www.youtube.com/watch?v=RKSv6F26pc8
yXaii-LzEnI	2195	AYEKOO: Snail Farming In Ghana Trisolace	https://www.youtube.com/watch?v=yXaii-LzEnI
9Gk5IpKWOHE	2145	AYEKOO: FARMERS SHARE CONCERNS ON STAKEHOLDERS	https://www.youtube.com/watch?v=9Gk5IpKWOHE
CVkRUUF4eYk	2026	AYEKOO: A VISIT TO R & B  FARMS	https://www.youtube.com/watch?v=CVkRUUF4eYk
1VEFB3falX4	2063	AYEKOO: SHORTAGE OF FARM INPUTS	https://www.youtube.com/watch?v=1VEFB3falX4
rv4zi6WAPdQ	2266	AYEKOO: Backyard Farming	https://www.youtube.com/watch?v=rv4zi6WAPdQ
yHFagd70V2Y	2134	AYEKOO: Plight Of Some Rice Farmers	https://www.youtube.com/watch?v=yHFagd70V2Y
RbHJKc1JFjY	2125	AYEKOO: Successful Cocoa Rehabilitation Farm	https://www.youtube.com/watch?v=RbHJKc1JFjY
-V1Uo_K60Cg	2038	AYEKOO: Traditional Rulers View On Cocoa Rehabilitation	https://www.youtube.com/watch?v=-V1Uo_K60Cg
UFUYtaFLimQ	2048	AYEKOO: Poultry Farming Stakeholders Discussion On New Egg Price	https://www.youtube.com/watch?v=UFUYtaFLimQ
cvok2NSHyEg	2056	AYEKOO: West Africa Centre for Crop Improvement (WACCI)	https://www.youtube.com/watch?v=cvok2NSHyEg
YdCo4q9PiSQ	2104	AYEKOO: Mango Farm Maintenance - Part 2	https://www.youtube.com/watch?v=YdCo4q9PiSQ
KSHOjOYrpPc	1988	AYEKOO: Mango Farm Maintenance	https://www.youtube.com/watch?v=KSHOjOYrpPc
Lg2ToRLRqvM	1892	AYEKOO: One-On-One With Poultry Farmers Association Chairman  -  Part 2	https://www.youtube.com/watch?v=Lg2ToRLRqvM
Hcc0dtd6XoM	1867	AYEKOO: One-On-One With Poultry Farmers Association Chairman - Part 1	https://www.youtube.com/watch?v=Hcc0dtd6XoM
-wh2zszibUc	1788	AYEKOO: Ghana Rice Value Addition	https://www.youtube.com/watch?v=-wh2zszibUc
iyU_b2pCzHw	1778	AYEKOO: Time With CSIR	https://www.youtube.com/watch?v=iyU_b2pCzHw
vTPa0wJIVa0	1876	AYEKOO: Sahman Farms	https://www.youtube.com/watch?v=vTPa0wJIVa0
pdGe_0uUXXQ	1953	AYEKOO: Growing Coconut Seedlings In Ghana	https://www.youtube.com/watch?v=pdGe_0uUXXQ
1r5pZZbq-ZQ	1736	AYEKOO: 37th National Farmers Day Celebration Interview With Award Winners	https://www.youtube.com/watch?v=1r5pZZbq-ZQ
ki-_Om1tte0	1950	AYEKOO: 37th National Farmers' Day Celebration In Cape Coast	https://www.youtube.com/watch?v=ki-_Om1tte0
r5yV6UCHWs4	1827	AYEKOO: Women In Agric	https://www.youtube.com/watch?v=r5yV6UCHWs4
RamLKMwgsZQ	2104	AYEKOO: Agric Minister Tours Western North Region	https://www.youtube.com/watch?v=RamLKMwgsZQ
RdIXfVItpgk	1829	AYEKOO: ADB, MoFA Visit Ekumfi Pineapple Farmers	https://www.youtube.com/watch?v=RdIXfVItpgk
V-3qchEEAXg	2039	AYEKOO: Dambai Yam Value Chain	https://www.youtube.com/watch?v=V-3qchEEAXg
j8BCQYgWDOo	1870	AYEKOO: Minister Of Food and Agriculture Tours Oti Region	https://www.youtube.com/watch?v=j8BCQYgWDOo
6LCEnZWG51Q	2087	AYEKOO: Agric Minister Tours Volta Region	https://www.youtube.com/watch?v=6LCEnZWG51Q
U6D6hlTUsz8	1830	AYEKOO: Youth In Agriculture	https://www.youtube.com/watch?v=U6D6hlTUsz8
SvjOwZT2HX0	1878	AYEKOO: Newage Agric Solutions	https://www.youtube.com/watch?v=SvjOwZT2HX0
Doq7wjklHMk	2076	AYEKOO:  CSIR Soil Testing (Soil App)	https://www.youtube.com/watch?v=Doq7wjklHMk
1u4Dmwoh04U	2169	AYEKOO: Rtd United Nation (UN) Staff In Cocoa Production	https://www.youtube.com/watch?v=1u4Dmwoh04U
U49vb7IvOj4	2071	AYEKOO: Progress Of 2021 Farming Season	https://www.youtube.com/watch?v=U49vb7IvOj4
dxufImouhF4	1572	AYEKOO: Agric Minister Tours 5 Regions	https://www.youtube.com/watch?v=dxufImouhF4
ocVtCN_UOrA	1908	AYEKOO: Pig Farming and Butchery	https://www.youtube.com/watch?v=ocVtCN_UOrA
T5HugYLS1Hw	2069	AYEKOO: Plight Of An Orange Farmer	https://www.youtube.com/watch?v=T5HugYLS1Hw
1ECdzJ8EQ0U	1850	AYEKOO: Challenges Facing Farmers	https://www.youtube.com/watch?v=1ECdzJ8EQ0U
Q7ossJzIuWw	1897	AYEKOO: Cocoa Farmers Forum With Ched Boss	https://www.youtube.com/watch?v=Q7ossJzIuWw
w4abI9ZALSM	1730	AYEKOO:  Deepening Greenhouse Technology In Ghana - PART 2	https://www.youtube.com/watch?v=w4abI9ZALSM
w946KVBeo1Q	1936	AYEKOO: Deepening Greenhouse Technology In Ghana	https://www.youtube.com/watch?v=w946KVBeo1Q
ERcbObk8qyo	1858	AYEKOO: Fishpond Construction And Management - PART 2	https://www.youtube.com/watch?v=ERcbObk8qyo
En8x_UogV1I	1888	AYEKOO: Fishpond Construction And Management	https://www.youtube.com/watch?v=En8x_UogV1I
rEiojufZ0Kw	1934	AYEKOO: How to Manage an Oil Palm Nursery	https://www.youtube.com/watch?v=rEiojufZ0Kw
yhNPXheaLr8	1962	AYEKOO: How to Manage an Oil Palm Nursery	https://www.youtube.com/watch?v=yhNPXheaLr8
MgKfBqc4W7E	2020	AYEKOO: Oil Palm Production	https://www.youtube.com/watch?v=MgKfBqc4W7E
KIisgDUJv3E	1809	AYEKOO: Poultry Farming - Part Two	https://www.youtube.com/watch?v=KIisgDUJv3E
gNbNpWvneL4	2038	AYEKOO: Poultry Farming In Ashanti Region	https://www.youtube.com/watch?v=gNbNpWvneL4
NnkK5gXqUxU	2014	AYEKOO: Using Cocoa Pod Husks As Manure	https://www.youtube.com/watch?v=NnkK5gXqUxU
irGN0e3uVlk	2126	AYEKOO: A Visit To Ransboat Poultry Farm	https://www.youtube.com/watch?v=irGN0e3uVlk
jDR8l1jSoiI	2106	AYEKOO: A Visit To Ransboat Poultry Farm	https://www.youtube.com/watch?v=jDR8l1jSoiI
J7jKwBhkmeI	1965	AYEKOO: Youth In Agriculture	https://www.youtube.com/watch?v=J7jKwBhkmeI
Rt0pg7VWD2c	195	Prez Akufo-Addo Commissions Newly Constructed France Chancery	https://www.youtube.com/watch?v=Rt0pg7VWD2c
Quqbca1E6FU	2076	AYEKOO: Kumah Farms Complex  - PART 2	https://www.youtube.com/watch?v=Quqbca1E6FU
TPDYQh8iIKo	1914	AYEKOO: Kumah Farms Complex  - PART 1	https://www.youtube.com/watch?v=TPDYQh8iIKo
iEcjfQh1G0U	1913	AYEKOO: A Visit To Kumah Farms Complex	https://www.youtube.com/watch?v=iEcjfQh1G0U
TkoxvZ7Fd4Y	1863	AYEKOO: Ghana Rice	https://www.youtube.com/watch?v=TkoxvZ7Fd4Y
jjOnrl64ytk	1619	AYEKOO: Interview With Prof. Joe-Manu Aduening, Crop Breeder	https://www.youtube.com/watch?v=jjOnrl64ytk
HHR9n2bnk2Y	2084	AYEKOO: Interview With D.K. Ampofo, Brong Ahafo Poultry Farmers Assoc. Chairman	https://www.youtube.com/watch?v=HHR9n2bnk2Y
qDfDsPul7bg	1813	AYEKOO: Ched Impact On Cocoa Farmers	https://www.youtube.com/watch?v=qDfDsPul7bg
eu9EUmu38cI	1732	AYEKOO: National Farmers Day - Part Two	https://www.youtube.com/watch?v=eu9EUmu38cI
IlEQHt1LL2s	2118	AYEKOO: 2020 Farmers Day Celebration	https://www.youtube.com/watch?v=IlEQHt1LL2s
k3ZnZEJuxlg	1939	AYEKOO: St. Charles Hatchery Farm At Dormaa Central	https://www.youtube.com/watch?v=k3ZnZEJuxlg
eXuYbzMhpyw	2121	AYEKOO: Food Safety – Problems and Solutions	https://www.youtube.com/watch?v=eXuYbzMhpyw
q-jX8IWCdds	2283	AYEKOO: Cocoa Farmers Forum	https://www.youtube.com/watch?v=q-jX8IWCdds
pOR5qFnMymk	2228	AYEKOO: One-On-One With A Poultry Farmer	https://www.youtube.com/watch?v=pOR5qFnMymk
RdPDiaTidFw	2340	AYEKOO: Weddi Tomato Processing Factory	https://www.youtube.com/watch?v=RdPDiaTidFw
IXwHdjLA4lU	1980	AYEKOO: Greenhouse Training Center In Ghana	https://www.youtube.com/watch?v=IXwHdjLA4lU
DzGxvxK9Ll4	1925	AYEKOO: Cattle Rearing In Ghana	https://www.youtube.com/watch?v=DzGxvxK9Ll4
_SVNsWvNuOU	1783	AYEKOO: Time With Joana Kyerewaa, Farm Owner	https://www.youtube.com/watch?v=_SVNsWvNuOU
h-0trza8kHM	1783	AYEKOO : Time With Joana Kyerewa	https://www.youtube.com/watch?v=h-0trza8kHM
r21AetJNNyQ	2200	AYEKOO: Commercial Maize Farming	https://www.youtube.com/watch?v=r21AetJNNyQ
4K87atyL3PY	1886	AYEKOO: Improving Access To Quality Fingerlings	https://www.youtube.com/watch?v=4K87atyL3PY
d9O1iEgvn8Y	1915	AYEKOO: Black Pod Disease of Cocoa	https://www.youtube.com/watch?v=d9O1iEgvn8Y
_dnDTf2tSi4	2290	AYEKOO: Business Woman Turns Farmer	https://www.youtube.com/watch?v=_dnDTf2tSi4
xTk4Zl4bWlo	3405	My Health My Life: Viral Hepatitia (World Hepatitis Day)	https://www.youtube.com/watch?v=xTk4Zl4bWlo
nkyXGn3VKP8	2719	AYEKOO: Grasscutter Farming and Management:	https://www.youtube.com/watch?v=nkyXGn3VKP8
oLVHi9iaQ-E	2266	AYEKOO: Green House Farming In Ghana - Bodwease	https://www.youtube.com/watch?v=oLVHi9iaQ-E
9MTJqzKr8cc	2462	AYEKOO: Assessing Cocoa Rehabilitation In Ghana	https://www.youtube.com/watch?v=9MTJqzKr8cc
cpP4W7sAJnQ	2290	A Look At Deputy Ashanti Regional Minister's Farm	https://www.youtube.com/watch?v=cpP4W7sAJnQ
1L64JHqNxpg	2610	AYEKOO: Western Region Related Fishing Activities	https://www.youtube.com/watch?v=1L64JHqNxpg
LTK5BhZTp_k	2148	AYEKOO:  Vegetable Farming In Ghana	https://www.youtube.com/watch?v=LTK5BhZTp_k
-ZGXpyjubEs	2468	AYEKOO: FISHING IN CENTRAL REGION	https://www.youtube.com/watch?v=-ZGXpyjubEs
VWRL-xJJgxo	2095	AYEKOO: Rice Processing in Ghana	https://www.youtube.com/watch?v=VWRL-xJJgxo
eu83xBH0Opo	2364	AYEKOO: PIG FARMING IN GHANA	https://www.youtube.com/watch?v=eu83xBH0Opo
_F3uEgqMyP0	2328	AYEKOO: 2020 Maize Season	https://www.youtube.com/watch?v=_F3uEgqMyP0
uBxouXRjZXY	2381	AYEKOO: Visit To Sunyani Market	https://www.youtube.com/watch?v=uBxouXRjZXY
-owda2gKg1Q	1914	AYEKOO: Agric Minister tours 5 Regions In Ghana	https://www.youtube.com/watch?v=-owda2gKg1Q
NpFvjqoDsyU	360	May Day: ‘Ayekoo’ To All Workers – Prez. Akufo-Addo	https://www.youtube.com/watch?v=NpFvjqoDsyU
rW3Kyg74Le8	2078	AYEKOO: Irrigation Farming In Ghana	https://www.youtube.com/watch?v=rW3Kyg74Le8
lI7scrjjFJU	2249	AYEKOO: A visit to Nsawam Market	https://www.youtube.com/watch?v=lI7scrjjFJU
bJuGwAIFGNQ	1930	AYEKOO: Modern Agricultural Equipment	https://www.youtube.com/watch?v=bJuGwAIFGNQ
UwWZlT67X28	1785	AYEKOO: Drones for Precision Agriculture	https://www.youtube.com/watch?v=UwWZlT67X28
0GD9t9NtECo	2193	AYEKOO: Cashew and Cocoa Farming at Sekyere Kumawu	https://www.youtube.com/watch?v=0GD9t9NtECo
EiEOugpi_VY	2188	AYEKOO: Boris B Poultry Farm	https://www.youtube.com/watch?v=EiEOugpi_VY
EeJdFQz5rSM	1935	AYEKOO: Agricultural Mechanization Centre in Ghana	https://www.youtube.com/watch?v=EeJdFQz5rSM
-Bfc5iULU2A	2790	MmaraNuSeSen With Afia Pokuaa    07/02/2020	https://www.youtube.com/watch?v=-Bfc5iULU2A
zNgqG0579Sg	2146	AYEOKOO: Cashew Farming at Sekyere Afram Plains	https://www.youtube.com/watch?v=zNgqG0579Sg
5omkKSYUAUs	2081	AYEKOO: Agric Ministry Tours North	https://www.youtube.com/watch?v=5omkKSYUAUs
xBiMtbNo9Fo	2134	AYEKOO: Cocoa Farming at Akutuase	https://www.youtube.com/watch?v=xBiMtbNo9Fo
ZFzoww4JATI	2166	AYEKOO: 2019 Farmers Day - Part 2	https://www.youtube.com/watch?v=ZFzoww4JATI
ijhKvkiiKHY	2246	AYEKOO: How to grow soybean in Ghana	https://www.youtube.com/watch?v=ijhKvkiiKHY
f05Va043T1w	1607	AYEKOO: Sorghum Farming	https://www.youtube.com/watch?v=f05Va043T1w
AQP6N9NptbY	1969	AYEKOO: Agogo Plantain Market 2019	https://www.youtube.com/watch?v=AQP6N9NptbY
DY4LhXHNJb8	2214	AYEKOO: 2019 Farmers Day Celebration	https://www.youtube.com/watch?v=DY4LhXHNJb8
qHcvBCPy67M	2195	AYEKOO: CATFISH FARMING	https://www.youtube.com/watch?v=qHcvBCPy67M
LGyFvNw0AP0	2181	AYEKOO: Fertilizer For Cocoa	https://www.youtube.com/watch?v=LGyFvNw0AP0
KZ1EVnD58ho	1885	AYEKOO: Maize farmers Forum	https://www.youtube.com/watch?v=KZ1EVnD58ho
l14DD_2OC-g	2323	AYEKOO: Agric Machinery And Inputs Fair - PART 3	https://www.youtube.com/watch?v=l14DD_2OC-g
w2oP_8puRrw	2345	AYEKOO: Agric Machinery And Inputs Fair - PART 2	https://www.youtube.com/watch?v=w2oP_8puRrw
lPHl03u9sCI	2196	AYEKOO: Agric Machinery And Inputs Fair - PART 1	https://www.youtube.com/watch?v=lPHl03u9sCI
yLLxWqmMa0A	96	Law students to demonstrate over mass failure Oct. 7	https://www.youtube.com/watch?v=yLLxWqmMa0A
oWo6h79Fi6Q	99	NPP primaries: Aspirant secures injunction to stop election in Asawase	https://www.youtube.com/watch?v=oWo6h79Fi6Q
eFrIBYoHo8Q	2362	Celebrating World Heart Day	https://www.youtube.com/watch?v=eFrIBYoHo8Q
B47loJyjXMM	541	Vodafone Ghana - SME Month	https://www.youtube.com/watch?v=B47loJyjXMM
lHLX6Y0bBXY	2174	AYEKOO: Interview with Deputy Minister of Agric's Farm	https://www.youtube.com/watch?v=lHLX6Y0bBXY
nOgtBxZ8Kho	1967	AYEKOO: Interview with MOFA Extension Officer	https://www.youtube.com/watch?v=nOgtBxZ8Kho
v-xgiQM0EBI	2364	AYEKOO: Machines for Cocoa Farming	https://www.youtube.com/watch?v=v-xgiQM0EBI
cHsWpf-xHBU	2065	AYEKOO: Pineapple Farming	https://www.youtube.com/watch?v=cHsWpf-xHBU
uWir879LqmU	2279	AYEKOO: Tomatoes Farming in Ghana	https://www.youtube.com/watch?v=uWir879LqmU
ItgKLIjH7wE	2230	AYEKOO: Animal Feed Processing - PART 2	https://www.youtube.com/watch?v=ItgKLIjH7wE
9yOkHB197z4	1931	AYEKOO: Animal Feed Processing - Part 1	https://www.youtube.com/watch?v=9yOkHB197z4
6KWOnTSOvgw	1854	AYEKOO: Rice Processing in Ghana	https://www.youtube.com/watch?v=6KWOnTSOvgw
km_1KLtIPIs	2304	AYEKOO: POULTRY FARMING	https://www.youtube.com/watch?v=km_1KLtIPIs
xVKBfzCMqz4	2358	AYEKOO tours some farming districts	https://www.youtube.com/watch?v=xVKBfzCMqz4
Vl6UwRhDbi0	2133	AYEKOO: Farmers Forum	https://www.youtube.com/watch?v=Vl6UwRhDbi0
K4feVFrBDq0	2197	AYEKOO: Fertilizer Application	https://www.youtube.com/watch?v=K4feVFrBDq0
JxoK7MueQyg	2348	AYEKOO: Rabbit Farming in Ghana	https://www.youtube.com/watch?v=JxoK7MueQyg
wDElGC4IFaQ	2060	AYEKOO:  Swollen Shoot Virus Disease - Part 2	https://www.youtube.com/watch?v=wDElGC4IFaQ
YVI9cEERMgo	2029	AYEKOO: Swollen Shoot Virus Disease	https://www.youtube.com/watch?v=YVI9cEERMgo
EuJDQXlutHA	2126	AYEKOO: Quail Farming	https://www.youtube.com/watch?v=EuJDQXlutHA
BCXDMxlb4T8	2181	AYEKOO: Plantain Farming in Asante Akyem Agogo	https://www.youtube.com/watch?v=BCXDMxlb4T8
_XYCGWR19nM	2080	AYEKOO: Agogo Farmers Forum	https://www.youtube.com/watch?v=_XYCGWR19nM
vOhEgWtNSDE	2214	AYEKOO: Agogo Rice Farming	https://www.youtube.com/watch?v=vOhEgWtNSDE
n3eRpXi7j6I	2469	AYEKOO: Plantain Market In Ghana	https://www.youtube.com/watch?v=n3eRpXi7j6I
B2vZzAJxWuM	1892	AYEKOO: Quality Seed Processing (PART 4)	https://www.youtube.com/watch?v=B2vZzAJxWuM
3uBNR8R2_Dw	1992	AYEKOO: Quality Seed Processing (PART 3)	https://www.youtube.com/watch?v=3uBNR8R2_Dw
xtvT_QcR7rI	2143	AYEKOO: Quality Seed Processing (PART 2)	https://www.youtube.com/watch?v=xtvT_QcR7rI
JdWhGym5e-4	1970	AYEKOO: Quality Seed Processing (PART 1)	https://www.youtube.com/watch?v=JdWhGym5e-4
t3maCVMOJ3g	225	Circle Traders Demonstrate Over Eviction By Private Developer	https://www.youtube.com/watch?v=t3maCVMOJ3g
joTFYaqJr2Y	2336	AYEKOO: Irrigation Development in Ghana	https://www.youtube.com/watch?v=joTFYaqJr2Y
4m2QYTC_bko	1942	AYEKOO: Oil Palm Nursery	https://www.youtube.com/watch?v=4m2QYTC_bko
mqFGZ4yhAdA	2111	AYEKOO:   Greenhouse Farming in Ghana for Beginners	https://www.youtube.com/watch?v=mqFGZ4yhAdA
uuIMaowQtOM	2244	AYEKOO: Time With Agricultural Extension Officer	https://www.youtube.com/watch?v=uuIMaowQtOM
8jezUaNDxxY	1574	AYEKOO:    Animal  Husbandry  In Ghana	https://www.youtube.com/watch?v=8jezUaNDxxY
D_YmjAG0l54	1766	AYEKOO: Time With Seed Grower	https://www.youtube.com/watch?v=D_YmjAG0l54
BaQd3lo3ARU	1844	AYEKOO: Time with Agric Minister	https://www.youtube.com/watch?v=BaQd3lo3ARU
tcwGHJnId7E	2156	AYEKOO: Rice Farming in Volta Region	https://www.youtube.com/watch?v=tcwGHJnId7E
whKA22-3tB4	1939	AYEKOO: Time with Kennedy Owusu Nyarko, Principal Technical Cocoa	https://www.youtube.com/watch?v=whKA22-3tB4
K2ZBr05f-9o	2214	AYEKOO: Time with coconut farmers in Ghana	https://www.youtube.com/watch?v=K2ZBr05f-9o
PnPTyNZVFh8	2539	AYEKOO: Best Farming Practices in Ghana	https://www.youtube.com/watch?v=PnPTyNZVFh8
DRqLHIcQtyw	2100	AYEKOO: Time with Dr. Seth Osei Akoto, Director of Crops, MoFA	https://www.youtube.com/watch?v=DRqLHIcQtyw
91CR9E_Dmos	2043	AYEKOO: Time with Agric Minister, on planting for food and job	https://www.youtube.com/watch?v=91CR9E_Dmos
pRSmRcKj_rA	2878	AYEKOO: Starting poultry farming business in Ghana (PART 2)	https://www.youtube.com/watch?v=pRSmRcKj_rA
tUc4jw7dVyM	2262	AYEKOO: Mango Farming in Ghana	https://www.youtube.com/watch?v=tUc4jw7dVyM
8lmaqCRffRk	2123	AYEKOO: How To Start A Quail Farming In Ghana	https://www.youtube.com/watch?v=8lmaqCRffRk
Luzd1KJu1IA	2682	AYEKOO: Time with Fisheries Minister at Jamestown	https://www.youtube.com/watch?v=Luzd1KJu1IA
ayhVq91Y_LU	1924	AYEKOO: Fingerlings Production in Ghana	https://www.youtube.com/watch?v=ayhVq91Y_LU
aRYleZTy4QY	2299	AYEKOO:  Mixed Farming at Weija	https://www.youtube.com/watch?v=aRYleZTy4QY
mmMM0RvWc-M	1953	AYEKOO: Cage Fish Farming in Ghana	https://www.youtube.com/watch?v=mmMM0RvWc-M
KgMSJqes06I	2582	AYEKOO: Introducing NPP's Chairman Wontumi as a Farmer	https://www.youtube.com/watch?v=KgMSJqes06I
IgXzpxIFx9c	2307	AYEKOO: Fishing activities at James Town in Accra	https://www.youtube.com/watch?v=IgXzpxIFx9c
9qMpFgudEv0	2385	AYEKOO: Time with Eric Dwomoh, Agric Officer	https://www.youtube.com/watch?v=9qMpFgudEv0
nkwna06Q33k	1927	AYEKOO: Rubber Plantation in Ghana (PART 2)	https://www.youtube.com/watch?v=nkwna06Q33k
bdtqaQEgYWs	2044	AYEKOO: Rubber Plantation in Ghana	https://www.youtube.com/watch?v=bdtqaQEgYWs
pJe0b6vd-pE	2166	AYEKOO: How to become a pig farmer	https://www.youtube.com/watch?v=pJe0b6vd-pE
7zuHDu2Az6k	2174	AYEKOO: Mixed Farming and Its Advantages	https://www.youtube.com/watch?v=7zuHDu2Az6k
OgNHclJZuRw	2751	AYEKOO: Fish Farming in Ghana	https://www.youtube.com/watch?v=OgNHclJZuRw
IDH59Jo4Rv0	2757	AYEKOO: How To Start Lucrative Plantain Farming In Ghana	https://www.youtube.com/watch?v=IDH59Jo4Rv0
ihje1g6Pc_A	2698	AYEKOO: Rice production and development in Ghana	https://www.youtube.com/watch?v=ihje1g6Pc_A
DImKcZTBNBI	2219	AYEKOO: Oil Palm Plantation in Ghana	https://www.youtube.com/watch?v=DImKcZTBNBI
pyS6FVXRzHU	1734	AYEKOO: Starting poultry farming business in Ghana	https://www.youtube.com/watch?v=pyS6FVXRzHU
3-Go4Hxta3U	2377	AYEKOO: Cocoa production in Ghana	https://www.youtube.com/watch?v=3-Go4Hxta3U
